league_code,Home,n
ARG,Aldosivi,136
ARG,All Boys,38
ARG,Argentinos Jrs,221
ARG,Arsenal Sarandi,175
ARG,Atl. Rafaela,86
ARG,Atl. Tucuman,177
ARG,Banfield,202
ARG,Barracas Central,91
ARG,Belgrano,184
ARG,Boca Juniors,250
ARG,Central Cordoba,127
ARG,Chacarita Juniors,13
ARG,Colon Santa FE,152
ARG,Colon Santa Fe,33
ARG,Crucero del Norte,15
ARG,Defensa y Justicia,200
ARG,Dep. Riestra,51
ARG,Estudiantes L.P.,245
ARG,Estudiantes Rio Cuarto,13
ARG,Gimnasia L.P.,220
ARG,Gimnasia Mendoza,12
ARG,Godoy Cruz,227
ARG,Huracan,192
ARG,Ind. Rivadavia,50
ARG,Independiente,224
ARG,Instituto,69
ARG,Lanus,240
ARG,Newells Old Boys,239
ARG,Nueva Chicago,15
ARG,Olimpo Bahia Blanca,80
ARG,Patronato,105
ARG,Platense,109
ARG,Quilmes,86
ARG,Racing Club,245
ARG,River Plate,247
ARG,Rosario Central,224
ARG,San Lorenzo,243
ARG,San Martin S.J.,99
ARG,San Martin T.,13
ARG,Sarmiento Junin,147
ARG,Talleres Cordoba,168
ARG,Temperley,52
ARG,Tigre,204
ARG,Union de Santa Fe,210
ARG,Velez Sarsfield,241
AUT,A. Klagenfurt,65
AUT,A. Lustenau,36
AUT,Admira,172
AUT,Altach,203
AUT,Austria Vienna,244
AUT,BW Linz,48
AUT,Grazer AK,34
AUT,Grodig,54
AUT,Hartberg,134
AUT,LASK,149
AUT,Mattersburg,104
AUT,Neustadt,55
AUT,Ried,157
AUT,SK Rapid,242
AUT,Salzburg,239
AUT,St. Polten,86
AUT,Sturm Graz,240
AUT,Tirol,117
AUT,Wacker Innsbruck,52
AUT,Wolfsberger AC,243
BRA,America MG,95
BRA,Athletico-PR,241
BRA,Atletico GO,114
BRA,Atletico-MG,278
BRA,Avai,76
BRA,Bahia,223
BRA,Botafogo RJ,241
BRA,Bragantino,127
BRA,CSA,19
BRA,Ceara,114
BRA,Chapecoense-SC,146
BRA,Corinthians,280
BRA,Coritiba,185
BRA,Criciuma,57
BRA,Cruzeiro,223
BRA,Cuiaba,76
BRA,Figueirense,76
BRA,Flamengo RJ,279
BRA,Fluminense,280
BRA,Fortaleza,133
BRA,Goias,133
BRA,Gremio,260
BRA,Internacional,261
BRA,Joinville,19
BRA,Juventude,76
BRA,Mirassol,33
BRA,Nautico,38
BRA,Palmeiras,260
BRA,Parana,19
BRA,Ponte Preta,95
BRA,Portuguesa,38
BRA,Remo,13
BRA,Santa Cruz,19
BRA,Santos,261
BRA,Sao Paulo,278
BRA,Sport Recife,171
BRA,Vasco,203
BRA,Vitoria,146
CHN,Beijing Guoan,186
CHN,Beijing Renhe,60
CHN,Cangzhou,58
CHN,Changchun Yatai,148
CHN,Chengdu Rongcheng,76
CHN,Chongqing Liangjiang Athletic,96
CHN,Chongqing Tonglianglong,13
CHN,Dalian Pro,54
CHN,Dalian Yifang F.C.,45
CHN,Dalian Yingbo,28
CHN,Guangzhou City,28
CHN,Guangzhou Evergrande,100
CHN,Guangzhou FC,28
CHN,Guangzhou R&F,100
CHN,Guizhou Zhicheng,30
CHN,Hangzhou Greentown,45
CHN,Hebei,98
CHN,Henan Songshan Longmen,186
CHN,Jiangsu Suning,100
CHN,Liaoning,60
CHN,Liaoning Tieren,13
CHN,Meizhou Hakka,62
CHN,Nantong Zhiyun,30
CHN,Qingdao FC,22
CHN,Qingdao Hainiu,57
CHN,Qingdao West Coast,43
CHN,Shandong Luneng,100
CHN,Shandong Taishan,86
CHN,Shanghai Port,86
CHN,Shanghai SIPG,100
CHN,Shanghai Shenhua,186
CHN,Shanghai Shenxin,30
CHN,Shenzhen,68
CHN,Shenzhen Xinpengcheng,43
CHN,Shijiazhuang,40
CHN,Tianjin Jinmen Tiger,187
CHN,Tianjin Quanjian,30
CHN,Tianjin Tianhai,15
CHN,Wuhan FC,54
CHN,Wuhan Three Towns,75
CHN,Yanbian,30
CHN,Yunnan Yukun,28
CHN,Zhejiang Greentown,1
CHN,Zhejiang Professional,75
CHN,Zhejiang Yiteng,15
DNK,Aalborg,202
DNK,Aarhus,223
DNK,Brondby,239
DNK,Esbjerg,119
DNK,FC Copenhagen,242
DNK,Fredericia,16
DNK,Helsingor,19
DNK,Hobro,84
DNK,Horsens,124
DNK,Hvidovre IF,16
DNK,Lyngby,123
DNK,Midtjylland,241
DNK,Nordsjaelland,240
DNK,Odense,218
DNK,Randers FC,238
DNK,Silkeborg,168
DNK,Sonderjyske,202
DNK,Vejle,97
DNK,Vendsyssel,20
DNK,Vestsjaelland,32
DNK,Viborg,137
FIN,AC Oulu,82
FIN,Ekenas,13
FIN,Gnistan,42
FIN,HIFK,100
FIN,HJK,229
FIN,Haka,98
FIN,Honka,136
FIN,Ilves,174
FIN,Inter Turku,224
FIN,JJK Jyvaskyla,49
FIN,Jaro,92
FIN,KPV Kokkola,15
FIN,KTP,57
FIN,KuPS,223
FIN,Lahti,210
FIN,Mariehamn,223
FIN,MyPa,50
FIN,PK-35 Vantaa,17
FIN,PS Kemi,48
FIN,Rovaniemi,123
FIN,SJK,192
FIN,TPS,95
FIN,VPS,196
IRL,Athlone,16
IRL,Bohemians,248
IRL,Bray,121
IRL,Cabinteely,2
IRL,Cobh Ramblers,1
IRL,Cork City,179
IRL,Derry City,248
IRL,Drogheda,193
IRL,Dundalk,232
IRL,Finn Harps,100
IRL,Galway,105
IRL,Limerick,87
IRL,Longford,54
IRL,Mervue,1
IRL,Monaghan,7
IRL,Shamrock Rovers,247
IRL,Shelbourne,132
IRL,Sligo Rovers,248
IRL,St. Patricks,249
IRL,Treaty United,1
IRL,UC Dublin,108
IRL,Waterford,119
IRL,Wexford,18
JPN,Albirex Niigata,157
JPN,Avispa Fukuoka,112
JPN,Cerezo Osaka,214
JPN,Chiba,3
JPN,FC Tokyo,247
JPN,Gamba Osaka,231
JPN,Hokkaido Consadole Sapporo,157
JPN,Iwata,139
JPN,Kashima Antlers,248
JPN,Kashiwa Reysol,230
JPN,Kawasaki Frontale,248
JPN,Kofu,85
JPN,Kumamoto,2
JPN,Kyoto,76
JPN,Machida,41
JPN,Mito,4
JPN,Montedio Yamagata,17
JPN,Nagoya Grampus,231
JPN,Oita Trinita,70
JPN,Okayama,23
JPN,Omiya Ardija,87
JPN,Sagan Tosu,225
JPN,Sanfrecce Hiroshima,249
JPN,Shimizu S-Pulse,195
JPN,Shonan Bellmare,194
JPN,Tokushima,38
JPN,Urawa Reds,249
JPN,V-Varen Nagasaki,21
JPN,Vegalta Sendai,172
JPN,Verdy,43
JPN,Vissel Kobe,231
JPN,Yamaga,34
JPN,Yokohama F. Marinos,247
JPN,Yokohama FC,73
MEX,Atl. San Luis,144
MEX,Atlante,38
MEX,Atlas,254
MEX,Chiapas,87
MEX,Club America,293
MEX,Club Leon,268
MEX,Club Tijuana,256
MEX,Cruz Azul,274
MEX,Dorados de Sinaloa,17
MEX,Guadalajara Chivas,262
MEX,Juarez,122
MEX,Leones Negros,17
MEX,Lobos BUAP,34
MEX,Mazatlan FC,102
MEX,Monarcas,143
MEX,Monterrey,278
MEX,Necaxa,179
MEX,Pachuca,267
MEX,Puebla,248
MEX,Queretaro,243
MEX,Santos Laguna,265
MEX,Tigres UANL,286
MEX,Toluca,273
MEX,UNAM Pumas,261
MEX,Veracruz,113
NOR,Aalesund,147
NOR,Bodo/Glimt,175
NOR,Brann,192
NOR,Bryne,15
NOR,Fredrikstad,55
NOR,Ham-Kam,26
NOR,HamKam,44
NOR,Haugesund,211
NOR,Honefoss,30
NOR,Jerv,17
NOR,KFUM Oslo,41
NOR,Kongsvinger,1
NOR,Kristiansund,130
NOR,Lillestrom,191
NOR,Mjondalen,61
NOR,Molde,220
NOR,Moss,1
NOR,Odd,195
NOR,Ranheim,32
NOR,Rosenborg,221
NOR,Sandefjord,146
NOR,Sandnes,46
NOR,Sarpsborg 08,205
NOR,Sogndal,76
NOR,Stabaek,151
NOR,Start,102
NOR,Stromsgodset,210
NOR,Tromso,190
NOR,Ull/Kisa,1
NOR,Valerenga,206
NOR,Viking,204
POL,Arka Gdynia,91
POL,Cracovia,234
POL,GKS Belchatow,33
POL,GKS Katowice,36
POL,Gornik Z.,170
POL,Gornik Zabrze,59
POL,Jagiellonia,249
POL,Korona Kielce,216
POL,LKS Lodz,35
POL,Lech Poznan,250
POL,Lechia Gdansk,226
POL,Leczna,71
POL,Legia,252
POL,Legnica,36
POL,Motor Lublin,38
POL,Piast Gliwice,249
POL,Podbeskidzie,86
POL,Pogon Szczecin,249
POL,Polonia Warszawa,15
POL,Puszcza,34
POL,Radomiak Radom,90
POL,Rakow,123
POL,Ruch,88
POL,Ruch Chorzow,17
POL,Sandecja Nowy S.,18
POL,Slask Wroclaw,233
POL,Stal Mielec,83
POL,Termalica B-B.,88
POL,Warta Poznan,66
POL,Widzew Lodz,105
POL,Wieczysta Krakow,2
POL,Wisla,179
POL,Wisla Plock,144
POL,Zaglebie,230
POL,Zaglebie Sosnowiec,18
POL,Zawisza,36
ROU,Academica Clinceni,59
ROU,Astra,160
ROU,Bistrita,17
ROU,CFR Cluj,267
ROU,CS Turnu Severin,17
ROU,Calarasi,22
ROU,Ceahlaul,51
ROU,Chindia Targoviste,83
ROU,Concordia,132
ROU,Corona Brasov,17
ROU,Corvinul,5
ROU,Csikszereda M. Ciuc,24
ROU,Daco-Getica Bucuresti,20
ROU,Din. Bucuresti,239
ROU,Dinamo Bucuresti,11
ROU,FC Arges,85
ROU,FC Botosani,255
ROU,FC Brasov,51
ROU,FC Hermannstadt,139
ROU,FC Rapid Bucuresti,140
ROU,FC Voluntari,187
ROU,FCSB,266
ROU,Farul Constanta,105
ROU,Gaz Metan Medias,168
ROU,Gloria Buzau,20
ROU,Metaloglobus Bucharest,19
ROU,Mioveni,41
ROU,Navodari,17
ROU,Otelul,116
ROU,Pandurii,89
ROU,Petrolul,154
ROU,Poli Iasi,189
ROU,Poli Timisoara,78
ROU,Sepsi Sf. Gheorghe,161
ROU,Targu Mures,55
ROU,U Craiova,120
ROU,U Craiova 1948,59
ROU,U. Cluj,138
ROU,UTA Arad,127
ROU,Unirea Slobozia,38
ROU,Univ. Craiova,116
ROU,Vaslui,34
ROU,Viitorul Constanta,162
RUS,Akhmat Grozny,211
RUS,Akron Togliatti,33
RUS,Amkar,91
RUS,Arsenal Tula,107
RUS,Baltika,31
RUS,CSKA Moscow,212
RUS,Dynamo Makhachkala,31
RUS,Dynamo Moscow,196
RUS,FK Anzi Makhackala,92
RUS,FK Rostov,212
RUS,Fakel Voronezh,47
RUS,Khimki,61
RUS,Krasnodar,211
RUS,Krylya Sovetov,168
RUS,Kuban,61
RUS,Lokomotiv Moscow,211
RUS,M. Saransk,45
RUS,Orenburg,109
RUS,Pari NN,78
RUS,R. Volgograd,15
RUS,Rodina Moscow,2
RUS,Rubin Kazan,196
RUS,SKA Khabarovsk,18
RUS,Sochi,90
RUS,Spartak Moscow,211
RUS,Spartak Nalchik,1
RUS,T. Moscow,16
RUS,Tambov,31
RUS,Tomsk,34
RUS,Torpedo Moscow,15
RUS,Tosno,16
RUS,Ufa,123
RUS,Ural,167
RUS,Vladikavkaz,15
RUS,Volga N. Novgorod,30
RUS,Volgar-Astrakhan,1
RUS,Yenisey,18
RUS,Zenit,210
SWE,AFC Eskilstuna,31
SWE,AIK,219
SWE,Atvidabergs,60
SWE,Brage,1
SWE,Brommapojkarna,101
SWE,Dalkurd,15
SWE,Degerfors,70
SWE,Djurgarden,221
SWE,Elfsborg,221
SWE,Falkenbergs,76
SWE,GAIS,56
SWE,Gefle,76
SWE,Goteborg,221
SWE,Hacken,221
SWE,Halmstad,134
SWE,Hammarby,176
SWE,Helsingborg,122
SWE,Jonkopings,32
SWE,Kalmar,207
SWE,Landskrona,1
SWE,Ljungskile,1
SWE,Malmo FF,221
SWE,Mjallby,145
SWE,Norrkoping,210
SWE,Orebro,135
SWE,Orgryte,10
SWE,Oster,16
SWE,Osters,15
SWE,Ostersunds,90
SWE,Sirius,147
SWE,Sundsvall,107
SWE,Syrianska,30
SWE,Trelleborgs,16
SWE,Varberg,61
SWE,Varnamo,61
SWE,Vasteras SK,25
SWZ,Aarau,37
SWZ,Basel,259
SWZ,Grasshoppers,223
SWZ,Lausanne,170
SWZ,Lausanne Ouchy,20
SWZ,Lugano,205
SWZ,Luzern,260
SWZ,Servette,151
SWZ,Sion,242
SWZ,St. Gallen,258
SWZ,Thun,169
SWZ,Vaduz,76
SWZ,Winterthur,75
SWZ,Xamax,37
SWZ,Young Boys,259
SWZ,Yverdon,38
SWZ,Zurich,241
USA,Atlanta Utd,170
USA,Austin FC,100
USA,CF Montreal,253
USA,Charlotte,84
USA,Chicago Fire,249
USA,Chivas USA,51
USA,Colorado Rapids,244
USA,Columbus Crew,262
USA,DC United,253
USA,FC Cincinnati,133
USA,FC Dallas,253
USA,Houston Dynamo,255
USA,Inter Miami,113
USA,Los Angeles FC,158
USA,Los Angeles Galaxy,262
USA,Minnesota United,162
USA,Nashville SC,112
USA,New England Revolution,248
USA,New York City,205
USA,New York Red Bulls,258
USA,Orlando City,205
USA,Philadelphia Union,257
USA,Portland Timbers,262
USA,Real Salt Lake,254
USA,San Diego FC,35
USA,San Jose Earthquakes,247
USA,Seattle Sounders,271
USA,Sporting Kansas City,257
USA,St. Louis City,64
USA,Toronto FC,257
USA,Vancouver Whitecaps,254
