league_code,HomeTeam,n
B1,Aalst,34
B1,Anderlecht,416
B1,Antwerp,210
B1,Beerschot VA,52
B1,Bergen,130
B1,Beveren,106
B1,Cercle Brugge,315
B1,Charleroi,397
B1,Club Brugge,415
B1,Dender,71
B1,Eupen,143
B1,FC Brussels,68
B1,Genk,413
B1,Gent,414
B1,Germinal,196
B1,Harelbeke,17
B1,Heusden Zolder,2
B1,Kortrijk,271
B1,Lierse,177
B1,Lokeren,286
B1,Lommel,16
B1,Lommel SK,3
B1,Louvieroise,85
B1,Mechelen,330
B1,Molenbeek,17
B1,Mouscron,214
B1,Mouscron-Peruwelz,30
B1,Oostende,173
B1,Oud-Heverlee Leuven,174
B1,RAAL La Louviere,21
B1,RWD Molenbeek,18
B1,Roeselare,82
B1,Seraing,34
B1,St Truiden,348
B1,St. Gilloise,97
B1,Standard,414
B1,Tubize,17
B1,Waasland-Beveren,136
B1,Waregem,303
B1,Westerlo,306
D1,Aachen,17
D1,Augsburg,257
D1,Bayern Munich,431
D1,Bielefeld,132
D1,Bochum,191
D1,Braunschweig,17
D1,Cottbus,97
D1,Darmstadt,51
D1,Dortmund,430
D1,Duisburg,34
D1,Ein Frankfurt,363
D1,Elversberg,2
D1,FC Koln,296
D1,Fortuna Dusseldorf,51
D1,Freiburg,331
D1,Greuther Furth,34
D1,Hamburg,310
D1,Hannover,257
D1,Hansa Rostock,88
D1,Heidenheim,51
D1,Hertha,344
D1,Hoffenheim,308
D1,Holstein Kiel,17
D1,Ingolstadt,34
D1,Kaiserslautern,125
D1,Karlsruhe,34
D1,Leverkusen,427
D1,M'gladbach,394
D1,Mainz,342
D1,Munich 1860,53
D1,Nurnberg,200
D1,Paderborn,35
D1,RB Leipzig,172
D1,Schalke 04,361
D1,St Pauli,68
D1,Stuttgart,394
D1,Union Berlin,121
D1,Unterhaching,17
D1,Werder Bremen,411
D1,Wolfsburg,427
E0,Arsenal,496
E0,Aston Villa,439
E0,Birmingham,133
E0,Blackburn,209
E0,Blackpool,19
E0,Bolton,209
E0,Bournemouth,173
E0,Bradford,19
E0,Brentford,97
E0,Brighton,173
E0,Burnley,190
E0,Cardiff,38
E0,Charlton,133
E0,Chelsea,496
E0,Coventry,21
E0,Crystal Palace,268
E0,Derby,57
E0,Everton,496
E0,Fulham,363
E0,Huddersfield,38
E0,Hull,97
E0,Ipswich,59
E0,Leeds,154
E0,Leicester,247
E0,Liverpool,496
E0,Luton,19
E0,Man City,477
E0,Man United,496
E0,Middlesbrough,190
E0,Newcastle,458
E0,Norwich,133
E0,Nott'm Forest,78
E0,Portsmouth,133
E0,QPR,57
E0,Reading,57
E0,Sheffield United,76
E0,Southampton,323
E0,Stoke,190
E0,Sunderland,287
E0,Swansea,133
E0,Tottenham,496
E0,Watford,133
E0,West Brom,247
E0,West Ham,437
E0,Wigan,152
E0,Wolves,228
F1,Ajaccio,123
F1,Ajaccio GFCO,19
F1,Amiens,52
F1,Angers,184
F1,Arles,19
F1,Auxerre,251
F1,Bastia,158
F1,Bordeaux,382
F1,Boulogne,19
F1,Brest,181
F1,Caen,172
F1,Clermont,55
F1,Dijon,109
F1,Evian Thonon Gaillard,76
F1,Grenoble,38
F1,Guingamp,175
F1,Le Havre,92
F1,Le Mans,106
F1,Lens,285
F1,Lille,454
F1,Lorient,319
F1,Lyon,452
F1,Marseille,452
F1,Metz,225
F1,Monaco,412
F1,Montpellier,340
F1,Nancy,171
F1,Nantes,355
F1,Nice,417
F1,Nimes,52
F1,Paris FC,19
F1,Paris SG,450
F1,Reims,200
F1,Rennes,454
F1,Sedan,72
F1,Sochaux,217
F1,St Etienne,353
F1,Strasbourg,243
F1,Toulouse,379
F1,Troyes,188
F1,Valenciennes,152
G1,AEK,304
G1,Akratitos,15
G1,Apollon,80
G1,Aris,260
G1,Asteras Tripolis,307
G1,Athens Kallithea,17
G1,Atromitos,319
G1,Doxa Dramas,15
G1,Egaleo,30
G1,Ergotelis,124
G1,Giannina,206
G1,Ionikos,62
G1,Iraklis,121
G1,Kalamaria,45
G1,Kalamata,2
G1,Kallithea,15
G1,Kallonis,49
G1,Kavala,30
G1,Kerkyra,107
G1,Kifisia,36
G1,Lamia,131
G1,Larisa,186
G1,Levadeiakos,235
G1,Niki Volos,17
G1,OFI,124
G1,OFI Crete,134
G1,Olympiakos,338
G1,Olympiakos Volou,15
G1,PAOK,338
G1,Panathinaikos,339
G1,Panetolikos,228
G1,Panionios,230
G1,Panserraikos,83
G1,Panthrakikos,94
G1,Platanias,94
G1,Thrasyvoulos,15
G1,Veria,94
G1,Volos NFC,120
G1,Xanthi,230
I1,Ancona,12
I1,Ascoli,38
I1,Atalanta,428
I1,Bari,55
I1,Benevento,38
I1,Bologna,401
I1,Brescia,112
I1,Cagliari,380
I1,Carpi,19
I1,Catania,152
I1,Cesena,57
I1,Chievo,303
I1,Como,53
I1,Cremonese,38
I1,Crotone,57
I1,Empoli,233
I1,Fiorentina,451
I1,Frosinone,59
I1,Genoa,345
I1,Inter,476
I1,Juventus,456
I1,Lazio,475
I1,Lecce,232
I1,Livorno,110
I1,Messina,54
I1,Milan,473
I1,Modena,23
I1,Monza,58
I1,Napoli,380
I1,Novara,19
I1,Palermo,225
I1,Parma,341
I1,Perugia,60
I1,Pescara,38
I1,Piacenza,30
I1,Pisa,19
I1,Reggina,131
I1,Roma,475
I1,Salernitana,57
I1,Sampdoria,349
I1,Sassuolo,230
I1,Siena,161
I1,Spal,57
I1,Spezia,57
I1,Torino,355
I1,Treviso,19
I1,Udinese,476
I1,Venezia,57
I1,Verona,243
I1,Vicenza,17
N1,AZ Alkmaar,422
N1,Ajax,421
N1,Ajax ,1
N1,Almere City,34
N1,Cambuur,89
N1,Den Bosch,33
N1,Den Haag,267
N1,Dordrecht,17
N1,Excelsior,224
N1,FC Emmen,64
N1,Feyenoord,421
N1,Feyenoord ,1
N1,For Sittard,169
N1,Go Ahead Eagles,139
N1,Graafschap,166
N1,Graafschap ,1
N1,Groningen,404
N1,Groningen ,1
N1,Heerenveen,424
N1,Heracles,335
N1,Heracles ,1
N1,NAC Breda,304
N1,Nijmegen,340
N1,PSV Eindhoven,421
N1,Roda,118
N1,Roda ,1
N1,Roda JC,152
N1,Roosendaal,67
N1,Sparta,119
N1,Sparta Rotterdam,152
N1,Telstar,20
N1,Twente,405
N1,Utrecht,420
N1,Utrecht ,1
N1,VVV Venlo,149
N1,Vitesse,383
N1,Vitesse ,1
N1,Volendam,69
N1,Waalwijk,265
N1,Willem II,336
N1,Willem II ,1
N1,Zwolle,235
P1,AVS,34
P1,Academica,192
P1,Academico Viseu,3
P1,Alverca,56
P1,Arouca,154
P1,Aves,83
P1,Beira Mar,113
P1,Belenenses,281
P1,Benfica,398
P1,Boavista,288
P1,Campomaiorense,17
P1,Casa Pia,71
P1,Chaves,85
P1,Est Amadora,80
P1,Estoril,187
P1,Estrela,54
P1,Famalicao,122
P1,Farense,85
P1,Feirense,65
P1,Feirense ,1
P1,Gil Vicente,255
P1,Guimaraes,382
P1,Leiria,146
P1,Leixoes,45
P1,Maritimo,347
P1,Moreirense,225
P1,Nacional,279
P1,Naval,92
P1,Olhanense,75
P1,Pacos Ferreira,326
P1,Penafiel,35
P1,Portimonense,134
P1,Porto,397
P1,Rio Ave,299
P1,Salgueiros,34
P1,Santa Clara,156
P1,Setubal,273
P1,Sp Braga,395
P1,Sp Lisbon,398
P1,Tondela,136
P1,Trofense,15
P1,Uniao Madeira,17
P1,Varzim,34
P1,Vizela,51
SC0,Aberdeen,494
SC0,Celtic,493
SC0,Dundee,289
SC0,Dundee United,402
SC0,Dunfermline,152
SC0,Falkirk,118
SC0,Gretna,18
SC0,Hamilton,187
SC0,Hearts,454
SC0,Hibernian,436
SC0,Inverness C,228
SC0,Kilmarnock,473
SC0,Livingston,221
SC0,Motherwell,491
SC0,Partick,134
SC0,Rangers,416
SC0,Ross County,222
SC0,St Johnstone,342
SC0,St Mirren,342
SP1,Alaves,247
SP1,Albacete,35
SP1,Almeria,152
SP1,Ath Bilbao,493
SP1,Ath Madrid,450
SP1,Barcelona,489
SP1,Betis,414
SP1,Cadiz,95
SP1,Celta,379
SP1,Cordoba,19
SP1,Eibar,133
SP1,Elche,116
SP1,Espanol,450
SP1,Getafe,398
SP1,Gimnastic,19
SP1,Girona,114
SP1,Granada,190
SP1,Hercules,19
SP1,Huesca,38
SP1,La Coruna,298
SP1,Las Palmas,133
SP1,Leganes,95
SP1,Levante,284
SP1,Malaga,299
SP1,Mallorca,354
SP1,Murcia,38
SP1,Numancia,53
SP1,Osasuna,413
SP1,Oviedo,38
SP1,Real Madrid,489
SP1,Recreativo,73
SP1,Santander,207
SP1,Sevilla,470
SP1,Sociedad,435
SP1,Sp Gijon,114
SP1,Tenerife,37
SP1,Valencia,489
SP1,Valladolid,261
SP1,Vallecano,264
SP1,Villarreal,471
SP1,Xerez,19
SP1,Zaragoza,206
T1,A. Sebatspor,18
T1,Ad. Demirspor,74
T1,Adanaspor,68
T1,Akhisar Belediyespor,119
T1,Alanyaspor,181
T1,Altay,36
T1,Amedspor,3
T1,Ankaragucu,278
T1,Ankaraspor,69
T1,Antalyaspor,348
T1,Balikesirspor,17
T1,Besiktas,436
T1,Bodrumspor,18
T1,Bucaspor,17
T1,Bursaspor,288
T1,Buyuksehyr,317
T1,Corum,2
T1,Denizlispor,190
T1,Diyarbakirspor,85
T1,Elazigspor,68
T1,Erciyesspor,68
T1,Erzurum BB,37
T1,Erzurumspor,19
T1,Eskisehirspor,135
T1,Eyupspor,38
T1,Fenerbahce,436
T1,Galatasaray,436
T1,Gaziantep,131
T1,Gaziantepspor,272
T1,Genclerbirligi,347
T1,Giresunspor,37
T1,Goztep,161
T1,Hacettepespor,17
T1,Hatayspor,94
T1,Istanbulspor,106
T1,Karabukspor,119
T1,Karagumruk,93
T1,Kasimpasa,299
T1,Kayserispor,349
T1,Kocaelispor,87
T1,Konyaspor,335
T1,Malatyaspor,69
T1,Manisaspor,100
T1,Mersin Idman Yurdu,68
T1,Oftasspor,17
T1,Orduspor,34
T1,Osmanlispor,51
T1,Pendikspor,19
T1,Rizespor,299
T1,Sakaryaspor,17
T1,Samsunspor,159
T1,Siirt Jet-PA,17
T1,Sivasspor,331
T1,Trabzonspor,435
T1,Umraniyespor,18
T1,Yeni Malatyaspor,90
T1,Yozgatspor,34
